objectid,parentid,title,time_period,date,creator,category,description,significance,source,subject,location,state,latitude,longitude,cataloger,original_link,type,format,display_template,filename,object_location,image_small,image_thumb,image_alt_text,featured_image_id,essay_file
ipnw-0010,,The Brothels of Wallace,1884 - 1991,,,Place,,,,Brothels; Miners; lifestyle,Wallace,Idaho,47.47456119,-115.9265247,Paul Parmeley,,,,place,,,https://objects.lib.uidaho.edu/sanborn/small/sanborn-wallace-1891-002_sm.jpg,https://objects.lib.uidaho.edu/sanborn/thumbs/sanborn-wallace-1891-002_th.jpg,"sanborn map of wallace, shoshone county, idaho, 1891",ipnw-objects-0003,/objects/essays/ipnw-0010.md
ipnw-0013,,The Flavel House,19th and 20th century,,,Place,,,,Flavel House; George Flavel; Astoria,Astoria,Oregon,46.18802152,-123.8355824,Jose Velazquez,,,,place,,,https://objects.lib.uidaho.edu/postcards/small/postcard_133_sm.jpg,https://objects.lib.uidaho.edu/postcards/thumbs/postcard_133_th.jpg,Clatsop County Historical Museum Astoria Oregon,ipnw-objects-0009,/objects/essays/ipnw-0013.md
ipnw-0005,,Burke Canyon,The late 19th century and early 20th century,,,Place,,,,burke; mines; railroads; strikes,"Burke, ID",Idaho,47.5203,-115.8192,Dominic Hutton,,,,place,,,https://objects.lib.uidaho.edu/postcards/small/pg_9_01_05_sm.jpg,https://objects.lib.uidaho.edu/postcards/thumbs/pg_9_01_05_th.jpg,"Burke, Idaho",ipnw-objects-0011,/objects/essays/ipnw-0005.md
ipnw-0001,,Preserving Sandpoint,From the 1940's to the 1960's,,,Place,,,,Sandpoint; Ross Hall: Farragut,Sandpoint,Idaho,48.276577,-116.553467,Tim Amos,,,,place,,,https://objects.lib.uidaho.edu/postcards/small/pg_9_01_22b_sm.jpg,https://objects.lib.uidaho.edu/postcards/thumbs/pg_9_01_22b_th.jpg,BYU Idaho Population Data,ipnw-objects-0047,/objects/essays/ipnw-0001.md
ipnw-0009,,Camp Easter Seal,circa 1950s; circa 1970s,,,Place,,,,summer camps; Coeur d'Alene tribe; colonization,Lake Coeur d'Alene,Idaho; Washington,47.44609234,-116.8387961,Jose Montelongo,,,,place,,,https://objects.lib.uidaho.edu/peoples-ipnw/small/ipnw-objects-0033_sm.jpg,https://objects.lib.uidaho.edu/peoples-ipnw/thumbs/ipnw-objects-0033_th.jpg,Annual report adult handicap camp summer session 1979,ipnw-objects-0033,/objects/essays/ipnw-0009.md
ipnw-0007,,Kooskia Internment Camp,1943 - 1945,,,Place,,,,internment; camp; japanese,Meeting of Canyon Creek and Lochsa River,Idaho,46.2095739,-115.5449402,James Phelan,,,,place,,,https://objects.lib.uidaho.edu/kooskia/small/pg103_box1_page23_a_sm.jpg,https://objects.lib.uidaho.edu/kooskia/thumbs/pg103_box1_page23_a_th.jpg,Basic Personnel Record for Toshio Sumida,ipnw-objects-0027,/objects/essays/ipnw-0007.md
ipnw-0006,,Table Rock Cross,1950 - present day,,,Place,,,,religion; controversy; protest,"Boise, Idaho",Idaho,43.598662,-116.147614,Ruth Irby,,,,place,,,https://objects.lib.uidaho.edu/peoples-ipnw/small/ipnw-objects-0006_sm.jpg,https://objects.lib.uidaho.edu/peoples-ipnw/thumbs/ipnw-objects-0006_th.jpg,"10,000 Join to Keep Table Rock Cross Standing",ipnw-objects-0006,/objects/essays/ipnw-0006.md
ipnw-0004,,"Stolen Ground, Essential Hands",19th century,,,Place,,,,Chinatown; Lewiston; Mining; Religion,Lewiston,Idaho,46.422446,-117.0310412,Juniper Harvey-Marose,,,,place,,,https://objects.lib.uidaho.edu/peoples-ipnw/small/ipnw-objects-0020_sm.jpg,https://objects.lib.uidaho.edu/peoples-ipnw/thumbs/ipnw-objects-0020_th.jpg,children's silk hat,ipnw-objects-0020,/objects/essays/ipnw-0004.md
ipnw-0003,,Labor Riots of Butte,circa 1914,,,Place,,,,Butte; riots; unions; anti-war,Southwest Montana along interstate 90,Montana,46.00382543,-112.534611,Eoin Gleeson,,,,place,,,https://objects.lib.uidaho.edu/peoples-ipnw/small/ipnw-objects-0054_sm.jpg,https://objects.lib.uidaho.edu/peoples-ipnw/thumbs/ipnw-objects-0054_th.jpg,State of Montana First Biennial Report of the Department of Labor and Industry 1913-1914,ipnw-objects-0054,/objects/essays/ipnw-0003.md
ipnw-0012,,A Forgotten Railroad Town,1906 - 1910,,,Place,,,,alcohol; violence; railroad; fire,"Taft, Montana",Montana,47.42189804,-115.6087491,Dylan Vance,,,,place,,,https://objects.lib.uidaho.edu/peoples-ipnw/small/ipnw-objects-0001_sm.jpg,https://objects.lib.uidaho.edu/peoples-ipnw/thumbs/ipnw-objects-0001_th.jpg,"Taft, Montana",ipnw-objects-0001,/objects/essays/ipnw-0012.md
ipnw-0014,,The Big Burn: Class War in the Ashes,1910s,,,Place,,,,Labor; Colonialism; Segregation; Environment,Wallace,Idaho,47.47238422,-115.9258811,Wade Wade,,,,place,,,https://objects.lib.uidaho.edu/bigburn/small/bigburn15_sm.jpg,https://objects.lib.uidaho.edu/bigburn/thumbs/bigburn15_th.jpg,"Forest Fire, 1910 - Correspondence [02]",ipnw-objects-0068,/objects/essays/ipnw-0014.md
ipnw-0008,,Cultivated Mountains,"Specific events in the 1860's, but broader focus on pre - colonial development and modern day",,,Place,,,,mining; forestry; biodiversity,Boise Basin,Idaho,43.94440782,-115.6276002,Grady Lynch,,,,place,,,https://objects.lib.uidaho.edu/peoples-ipnw/small/ipnw-objects-0007_sm.jpg,https://objects.lib.uidaho.edu/peoples-ipnw/thumbs/ipnw-objects-0007_th.jpg,gold panning in boise basin,ipnw-objects-0007,/objects/essays/ipnw-0008.md
ipnw-0002,,The Legacy of Bunker Hill,1970 - 1980s,,,Place,,,,mine; community; environment,Kellogg,Idaho,47.538145,-116.138077,Megan Bush,,,,place,,,https://objects.lib.uidaho.edu/archivalidaho/small/archivalidaho1035_sm.jpg,https://objects.lib.uidaho.edu/archivalidaho/thumbs/archivalidaho1035_th.jpg,"Kellogg, Idaho and Coeur d'Alene River.",ipnw-objects-0015,/objects/essays/ipnw-0002.md
ipnw-0011,,The Spokane Downtown Urban Renewal plot,1959 - 1975,,,Place,,,,urban; urban renewal; cities; property,Spokane,Washington,47.658779,-117.426048,Logan Romans,,,,place,,,https://objects.lib.uidaho.edu/peoples-ipnw/small/ipnw-objects-0045_sm.jpg,https://objects.lib.uidaho.edu/peoples-ipnw/thumbs/ipnw-objects-0045_th.jpg,General Housing Conditions in Spokane,ipnw-objects-0045,/objects/essays/ipnw-0011.md
ipnw-0015,,Mount Rainier: Takhoma's Many Histories,1870 - 1900,,,Place,,,,Mount Rainier; mountaineering; national park scenery,Mount Rainier National Park,Washington,46.85429903,-121.7604938,Blake More,,,,place,,,https://objects.lib.uidaho.edu/peoples-ipnw/small/ipnw-objects-0071_sm.jpg,https://objects.lib.uidaho.edu/peoples-ipnw/thumbs/ipnw-objects-0071_th.jpg,Majestic snow cap of Mt Rainier Mt Rainier National Park Washington,ipnw-objects-0071,/objects/essays/ipnw-0015.md
ipnw-objects-0018,ipnw-0001,BYU Idaho Population Data,,,Riley Moffat,Other Source,This source is a spreadsheet of approximately 330 cities in Idaho and lists their populations from the year 1863 to 1980.,The historical data of population changes in Idaho since 1863 will offer valuable insights into growth trends especially in and around Sandpoint. Having records of the change in population of Sandpoint while examining other data creates some context for periods of growth. For my target period it will be useful to know the population of Sandpoint before and after the Second World War.,Brigham Young University Idaho,Sandpoint; Idaho; Idaho Cities,Idaho,Idaho,43.8145,-111.7833,Tim Amos,,Text,application/pdf,pdf,ipnw-objects-0018.pdf,https://objects.lib.uidaho.edu/peoples-ipnw/ipnw-objects-0018.pdf,https://objects.lib.uidaho.edu/peoples-ipnw/small/ipnw-objects-0018_sm.jpg,https://objects.lib.uidaho.edu/peoples-ipnw/thumbs/ipnw-objects-0018_th.jpg,,,
ipnw-objects-0019,ipnw-0001,The War Years Part 3 Interview,,,Bob Gunter,Other Source,This is an interview with a woman who moved to Sandpoint with her husband while he was stationed at Farragut Naval Training Station.,In this interview Bob Gunter interviews Beth May. She tells him about life around the naval station and about some of the ways her and her husband had fun on the base and in Sandpoint.,Sandpoint.com,Beth May; Sandpoint; Sandpoint Uso,Sandpoint; Farragut Naval Station,Idaho,48.276577,-116.553467,Tim Amos,https://www.sandpoint.com/community/history-the-war-years3.php,Text,application/pdf,image,ipnw-objects-0019.png,https://objects.lib.uidaho.edu/peoples-ipnw/ipnw-objects-0019.png,https://objects.lib.uidaho.edu/peoples-ipnw/small/ipnw-objects-0019_sm.jpg,https://objects.lib.uidaho.edu/peoples-ipnw/thumbs/ipnw-objects-0019_th.jpg,,,
ipnw-objects-0047,ipnw-0001,"First Avenue in Sandpoint, ID",,1990,Ross Hall Scenics,Historic Image,This is a postcard looking down First Avenue in Sandpoint that highlights some of the recreational opportunities that Sandpoint has to offer.,"This postcard helps to show some of the city's culture around recreation. Sandpoint has become a recreational hotspot in Idaho, and this post card is a representation of the cross between tourism and outdoor recreation in Sandpoint.",University of Idaho Digital Archives,Sandpoint; Outdoors; First Avenue,"Sandpoint, Idaho",Idaho,48.276577,-116.553467,Tim Amos,https://www.lib.uidaho.edu/digital/postcards/items/nwpostcards903.html,Image;StillImage,image/jpeg,image,pg_9_01_22b.jpg,https://objects.lib.uidaho.edu/postcards/pg_9_01_22b.jpg,https://objects.lib.uidaho.edu/postcards/small/pg_9_01_22b_sm.jpg,https://objects.lib.uidaho.edu/postcards/thumbs/pg_9_01_22b_th.jpg,,,
ipnw-objects-0048,ipnw-0001,Aerial View of Sandpoint,,1970,Ross Hall Scenics,Historic Image,This post card contains an aerial view of Sandpoint meant to convince possible tourists of reasons they should visit Sandpoint.,"My chosen time frame is from just before WWII until the late 1960's but with some consideration up to current day. So, this picture will be useful in making connections between catalyst events in Sandpoint and the effects of those events, such as World War II, on recreation in Sandpoint.",University of Idaho Digital Archives,Sandpoint; Recreation,"Sandpoint, Idaho",Idaho,48.276577,-116.553467,Tim Amos,https://www.lib.uidaho.edu/digital/postcards/items/nwpostcards900.html,Image;StillImage,image/jpeg,image,pg_9_01_22a.jpg,https://objects.lib.uidaho.edu/postcards/pg_9_01_22a.jpg,https://objects.lib.uidaho.edu/postcards/small/pg_9_01_22a_sm.jpg,https://objects.lib.uidaho.edu/postcards/thumbs/pg_9_01_22a_th.jpg,,,
ipnw-objects-0049,ipnw-0001,"Rephotographed First Avenue in Sandpoint, ID",,2025-10-03,Timothy Amos,Contemporary Image,This is a contemporary rephotographed picture of an older picture taken by Ross Hall Scenics.,"This photograph serves the purpose of contrasting the past and present versions of Sandpoint to each other. When I went to Sandpoint, I was able to compare the old photos with the current state of the city. This photographic representation of that will help build a narrative of dynamic and static versions of the city.",Timothy Amos,Sandpoint; First Avenue,"Sandpoint, Idaho",Idaho,48.276577,-116.553467,Tim Amos,,Image;StillImage,image/jpeg,image,ipnw-objects-0049.png,https://objects.lib.uidaho.edu/peoples-ipnw/ipnw-objects-0049.png,https://objects.lib.uidaho.edu/peoples-ipnw/small/ipnw-objects-0049_sm.jpg,https://objects.lib.uidaho.edu/peoples-ipnw/thumbs/ipnw-objects-0049_th.jpg,,,
ipnw-objects-0061,ipnw-0001,Map of Sandpoint Area,,2025-11-05,Timothy Amos,Contemporary Image,This is a map of Sandpoint and the surrounding area that includes Schweitzer and Farragut State Park.,This map of the area around Sandpoint will help add context to my project. Showing the closeness of Sandpoint to so much wild area is demonstrative of its association with nature and access to the outdoors.,Google Maps,Sandpoint; Schweitzer; Farragut State Park,"Sandpoint, Idaho",Idaho,48.276577,-116.553467,Tim Amos,,Image;StillImage,image/jpeg,image,ipnw-objects-0061.png,https://objects.lib.uidaho.edu/peoples-ipnw/ipnw-objects-0061.png,https://objects.lib.uidaho.edu/peoples-ipnw/small/ipnw-objects-0061_sm.jpg,https://objects.lib.uidaho.edu/peoples-ipnw/thumbs/ipnw-objects-0061_th.jpg,,,
ipnw-objects-0015,ipnw-0002,"Kellogg, Idaho and Coeur d'Alene River.",,1905-04-01,,Historic Image,Aerial image of Kellogg Idaho and the Coeur d'Alene river.,"This photograph shows the connection between the town of Kellogg and the Coeur d'Alene River. As pictured, the river flows directly through the town. Making it a vital source for life and livelihood in Kellogg, Idaho.","Archival Idaho Photograph Collection, University of Idaho Library Digital Collections, https://www.lib.uidaho.edu/digital/archivalidaho/items/archivalidaho1035.html",River; Town,"Kellogg, Idaho",Idaho,47.53826,-116.11933,Megan Bush,https://www.lib.uidaho.edu/digital/archivalidaho/items/archivalidaho1035.html,Image;StillImage,image/jpeg,image,archivalidaho1035.jpg,https://objects.lib.uidaho.edu/archivalidaho/archivalidaho1035.jpg,https://objects.lib.uidaho.edu/archivalidaho/small/archivalidaho1035_sm.jpg,https://objects.lib.uidaho.edu/archivalidaho/thumbs/archivalidaho1035_th.jpg,,,
ipnw-objects-0016,ipnw-0002,Bunker Hill and Sullivan Smelter,,1923-10-27,R.A. Standow,Historic Image,Photograph of the Bunker Hill and Sullivan smelter building.,"This photograph shows a smelter compound in Kellogg, Idaho. Smelters use heat to extract the desired ore, without impurities. The photograph also shows how the smelters' outputs are entering the environment.","PG 83, George W. Tabor Photographs, 1890-1963, University of Idaho Library Digital Collections, https://www.lib.uidaho.edu/digital/tabor/items/tabor0262.html",Smelters; Buildings; Mining,"Kellogg, Idaho",Idaho,47.54179311,-116.1466953,Megan Bush,https://www.lib.uidaho.edu/digital/tabor/items/tabor0262.html,Image;StillImage,image/jpeg,image,pg83-b05-f47-009_012.jpg,https://objects.lib.uidaho.edu/tabor/pg83-b05-f47-009_012.jpg,https://objects.lib.uidaho.edu/tabor/small/pg83-b05-f47-009_012_sm.jpg,https://objects.lib.uidaho.edu/tabor/thumbs/pg83-b05-f47-009_012_th.jpg,,,
ipnw-objects-0034,ipnw-0002,"Bunker Hill Mill, Kellogg, aerial",,1905-04-20,,Historic Image,Aerial perspective of the Bunker Hill Mine in Kellogg Idaho in the early 1900s.,"This photograph shows the very beginning of Bunker Hill Mine's development. This photograph shows its large scale, although it began operation less than twenty years before.","Archival Idaho Photograph Collection, University of Idaho Library Digital Collections, https://www.lib.uidaho.edu/digital/archivalidaho/items/archivalidaho306.html",Mining; Bunker Hill; Aerial,"Kellogg, Idaho",Idaho,47.51167,-116.14417,Megan Bush,https://www.lib.uidaho.edu/digital/archivalidaho/items/archivalidaho306.html,Image;StillImage,image/jpeg,image,archivalidaho306.jpg,https://objects.lib.uidaho.edu/archivalidaho/archivalidaho306.jpg,https://objects.lib.uidaho.edu/archivalidaho/small/archivalidaho306_sm.jpg,https://objects.lib.uidaho.edu/archivalidaho/thumbs/archivalidaho306_th.jpg,,,
ipnw-objects-0035,ipnw-0002,Bunker Hill Mining Corp.,,2017-05-24,Bunker Hill Mining Corporation,Contemporary Image,An overhead view of the modern-day Bunker Hill mine.,"This contemporary photograph, posted by Bunker Hill itself, shows how much the mine has grown in the last century. It also provides critical insight into the mountain valley that Bunker Hill rests upon. Giving insights into the modern-day relationship between the local environment and mine.",Bunker Hill Mining Corp. 2024. Bunkerhillmining.com. 2024. https://www.bunkerhillmining.com/.,Mining; Bunker Hill; Canyon,"Kellogg, Idaho",Idaho,47.540992,-116.14808,Megan Bush,https://www.bunkerhillmining.com/_gallery/album-2/lg/03.SDS-2-KelloggBelow.jpg?v=0.693,Image;StillImage,image/jpeg,image,ipnw-objects-0035.jpg,https://objects.lib.uidaho.edu/peoples-ipnw/ipnw-objects-0035.jpg,https://objects.lib.uidaho.edu/peoples-ipnw/small/ipnw-objects-0035_sm.jpg,https://objects.lib.uidaho.edu/peoples-ipnw/thumbs/ipnw-objects-0035_th.jpg,,,
ipnw-objects-0056,ipnw-0002,"Sanborn map of Kellogg, Shoshone County, Idaho, 1918",,1908-08,Sanborn Map Company,Map,Hand drawn map showing detailed outlines of the Bunker Hill Mine's compound in 1908.,This map shows the scale of the Bunker Hill mine in its early foundation. It also shows the number of buildings and systems in place at the time.,"Sanborn Map of Kellogg, Shoshone County, Idaho, 1918, Idaho Sanborn Maps, University of Idaho Library Digital Collections",Mine; Sanborn Map,Bunker Hill Mine,Idaho,47.540992,-116.14808,Megan Bush,https://www.lib.uidaho.edu/digital/sanborn/items/kellogg-1918.html#sanborn-kellogg-1918-003,Image;StillImage,image/jpeg,image,sanborn-kellogg-1918-003.jpg,https://objects.lib.uidaho.edu/sanborn/sanborn-kellogg-1918-003.jpg,https://objects.lib.uidaho.edu/sanborn/small/sanborn-kellogg-1918-003_sm.jpg,https://objects.lib.uidaho.edu/sanborn/thumbs/sanborn-kellogg-1918-003_th.jpg,,,
ipnw-objects-0023,ipnw-0003,State of Montana First Biennial Report of the Department of Labor and Industry 1913-1914,,1914,montana department of labor and industry; w.j. swindlehurst,Other Source,"report from montana department of labor and industry detailing industrial and social happenings within the state, including civil unrest in butte","excellent narrative of the events in butte during that year, including causes of riot and outcome. details grievances of workers and the response from the state, martial law.","google books, digitized from ohio state archives",Butte Riots 1914; Butte Martial Law,"Butte, Montana",Montana,46.01604215188327,-112.53617935320497,Eoin Gleeson,https://books.google.com/books?id=gUU_AQAAMAAJ&dq=butte+union+intitle%3Abiennial&pg=PA25#v=onepage&q&f=true,Text,application/pdf,pdf,ipnw-objects-0023.pdf,https://objects.lib.uidaho.edu/peoples-ipnw/ipnw-objects-0023.pdf,https://objects.lib.uidaho.edu/peoples-ipnw/small/ipnw-objects-0023_sm.jpg,https://objects.lib.uidaho.edu/peoples-ipnw/thumbs/ipnw-objects-0023_th.jpg,,,
ipnw-objects-0024,ipnw-0003,i. i. w. Strike chief lynched at butte,,1917-08-02,the new york times,Other Source,news article detailing lynching of labor leader frank little during the period of civil unrest in butte over labor and war,"article reveals the state of unrest in butte over labor and war, with this murder marking a particularly dark moment in this period. being featured in a nationally read newspaper indicates the prominence of butte within the country, that it would be covered by this publication. showcases butte as a hotbed of not just the labor movement in america but also of anti-war sentiment.",the new york times digital archive,Frank Little; Butte; Labor; WWI,"Butte, Montana",Montana,45.99976791407339,-112.54919932543173,Eoin Gleeson,https://timesmachine.nytimes.com/timesmachine/1917/08/02/102355431.pdf,Text,application/pdf,pdf,ipnw-objects-0024.pdf,https://objects.lib.uidaho.edu/peoples-ipnw/ipnw-objects-0024.pdf,https://objects.lib.uidaho.edu/peoples-ipnw/small/ipnw-objects-0024_sm.jpg,https://objects.lib.uidaho.edu/peoples-ipnw/thumbs/ipnw-objects-0024_th.jpg,,,
ipnw-objects-0054,ipnw-0003,Miners Union Hall,,1914,,Historic Image,photo depicting the damage resulting from the explosion at the Miners Union Hall during Butte riots of 1914,"Seeing a photo of the damage shows the extent of the riots. These destructive riots led to martial law in Butte. Additionally, this event influenced the Anaconda Mining Company to no longer recognize the Butte Miners Union.","Story of Butte, held by the University of Montana Archives",Butte Riots; Butte Miners Union; Anaconda Mining Company,"Butte, Montana",Montana,46.01604215188327,-112.53617935320497,Eoin Gleeson,https://storyofbutte.org/files/show/5394,Image;StillImage,image/jpeg,image,ipnw-objects-0054.jpg,https://objects.lib.uidaho.edu/peoples-ipnw/ipnw-objects-0054.jpg,https://objects.lib.uidaho.edu/peoples-ipnw/small/ipnw-objects-0054_sm.jpg,https://objects.lib.uidaho.edu/peoples-ipnw/thumbs/ipnw-objects-0054_th.jpg,,,
ipnw-objects-0055,ipnw-0003,Butte Original Mine Headframe April 2025,,2025-04-20,Eoin Gleeson,Contemporary Image,"View of Butte with headframe, looking south from downtown.","Taken during one of my excursions out to Butte for a different project. The mining headframe topped by an American flag visualizes the history of Butte. Though no longer operational, this mining headframe remains as a reminder of the American industrial powerhouse that Butte once was.",Eoin Gleeson's Google Drive,Butte Original Mine; Modern Day Butte,"Butte, Montana",Montana,46.01877384232381,-112.5385669740167,Eoin Gleeson,https://drive.google.com/file/d/1s0t4NqMjLITVPCzhMMjSLhpcMkkTgf0x/view?usp=sharing,Image;StillImage,image/jpeg,image,ipnw-objects-0055.jpg,https://objects.lib.uidaho.edu/peoples-ipnw/ipnw-objects-0055.jpg,https://objects.lib.uidaho.edu/peoples-ipnw/small/ipnw-objects-0055_sm.jpg,https://objects.lib.uidaho.edu/peoples-ipnw/thumbs/ipnw-objects-0055_th.jpg,,,
ipnw-objects-0057,ipnw-0003,"Perspective map of Butte City, Mont. : county seat of Silver Bow County",,1890,Henry Wellge,Map,"Perspective map of Butte with separate renditions of notable buildings, also includes list of places and population.","This map firmly depicts Butte as an industrial city, with many smokestacks emitting into the atmosphere. Additionally, it can be used to compare the old Butte to the modern Butte, since the map lists the population at. 35,000. Butte in 1890 and Butte in 2025 have roughly the same population, one number representing a city on the rise and the other a city having lost its industrial prowess.","Montana State Library, contributed by Montana Historical Society Library and Archives",Butte 1890; Butte Map,"Butte, Montana",Montana,46.00369324734268,-112.53467017956903,Eoin Gleeson,https://www.mtmemory.org/nodes/view/87633,Image;StillImage,image/jpeg,image,ipnw-objects-0057.jpg,https://objects.lib.uidaho.edu/peoples-ipnw/ipnw-objects-0057.jpg,https://objects.lib.uidaho.edu/peoples-ipnw/small/ipnw-objects-0057_sm.jpg,https://objects.lib.uidaho.edu/peoples-ipnw/thumbs/ipnw-objects-0057_th.jpg,,,
ipnw-objects-0020,ipnw-0004,children's silk hat,,1890,Juniper Harvey-Marose,Other Source,silk children's hat with black dragon motif and embroidered neck flap,"decorated traditional chinese children's hats were given to children in the early twentieth century to protect them from evil and heartfelt blessings for good fortune and health. the embroidery on the hat represents traditional chinese culture, embracing prosperity, longevity, happiness, success, abundance, and luck. hats designed with ferocious animals were believed to ward off evil spirits, bestowing strength and power on the child.","nez perce historical society museum, beuk aie temple collection",Dragon; Hat; Chinese; Tradition,,Idaho,46.42283565509465,-117.02907633562862,Juniper Harvey-Marose,,Text,image/jpeg,image,ipnw-objects-0020.jpg,https://objects.lib.uidaho.edu/peoples-ipnw/ipnw-objects-0020.jpg,https://objects.lib.uidaho.edu/peoples-ipnw/small/ipnw-objects-0020_sm.jpg,https://objects.lib.uidaho.edu/peoples-ipnw/thumbs/ipnw-objects-0020_th.jpg,,,
ipnw-objects-0021,ipnw-0004,spirit tablet,,1870,Juniper Harvey-Marose,Other Source,"carved and brightly painted wooden altar tablet or spirit tablet framed with golden dragons and dragon head, with gilded chinese characters honoring multiple deities, used for worship at traditional chinese temples.","the tablet found in the beuk aie temple collection signifies the establishment of a chinese and cultural community in the american west during the nineteenth century. these tablets embody the connections to ancestral worship and temple-based spiritual traditions brought back from southern china, representing the continuity within the diaspora. the detailed tablet shows how chinese immigrants in lewiston maintained transnational cultural identities and asserted community presence and cohesion in lewiston.","nez perce historic society museum, beuk aie temple collection",Religion; Transnational; Immigration; Identity,,Idaho,46.42283565509465,-117.02907633562862,Juniper Harvey-Marose,,Text,image/jpeg,image,ipnw-objects-0021.jpg,https://objects.lib.uidaho.edu/peoples-ipnw/ipnw-objects-0021.jpg,https://objects.lib.uidaho.edu/peoples-ipnw/small/ipnw-objects-0021_sm.jpg,https://objects.lib.uidaho.edu/peoples-ipnw/thumbs/ipnw-objects-0021_th.jpg,,,
ipnw-objects-0037,ipnw-0004,"Old Chinese masonic lodge, 1959",,1959,,Historic Image,"This photo is an external view of the hip sing tong, or old Chinese masonic lodge in Lewiston, Idaho, standing next to the Beuk Aie Temple, popularly known as the Beuk Aie Miu or Joss House. The Hip Sing Tong Was Located Just North Of The Beuk Aie Miu Temple At 513 C Street (not Capital Street), And Was A Two-story Structure On The South Side Of C Street, Between Third And 4th Streets, Relocating To This Location Around 1890.","The hip sing tong, locally known as the Chinese masonic lodge, was an important social institution established in Lewiston in the 1860s, designed as a fraternal organization dedicated to assisting its “unfortunate brothers.” the organization aimed to be fraternal like the “white man's lodges,” and was an important part of the Chinese community, having about 60 members by 1904, which was nearly all of the Chinese residents in the city at the time. adopting the name “Chinese Masonic Lodge,” the Hip Sing Tong sought more acceptance from the European American community, particularly because the traditional Chinese word “tong” was often associated with illegal activities and “tong wars.”",WSU Libraries Digital Collections,Religion; Buildings; Chinese; Chinatown,"Lewiston, Idaho",Idaho,46.42283143473558,-117.0256833151126,Juniper Harvey-Marose,,Image;StillImage,image/jpeg,image,ipnw-objects-0037.jpg,https://objects.lib.uidaho.edu/peoples-ipnw/ipnw-objects-0037.jpg,https://objects.lib.uidaho.edu/peoples-ipnw/small/ipnw-objects-0037_sm.jpg,https://objects.lib.uidaho.edu/peoples-ipnw/thumbs/ipnw-objects-0037_th.jpg,,,
ipnw-objects-0038,ipnw-0004,Power of the Press,,2008,Elaine Williams,Historic Image,"An outside photo of the Lewiston Morning Tribune's modern printing facility, a large light-colored industrial building with the newspaper's name displayed on the facade.","The photo represents the Lewiston Morning Tribune's modern press building, which shows the city's ongoing evolution and endurance in a changing media landscape. The location is significant as it occupies the former site of Lewiston's old Chinese Hip Sing Tong building and the Beuk Aie temple, which were important centers for the Chinese community, demolished in 1959. The picture shows the progress and loss, symbolizing the development that is acquired at the loss of Lewiston's Chinese heritage. The Site Is Located In Downtown Lewiston, Idaho, Near The Confluence Of The Clearwater And Snake Rivers, Which Once Contained The Historic Chinatown. Originally Housing The Hip Sing Tong And Beuk Aie Temple, Central Institutions To The Chinese Community. It Is Now The Modern Lewiston Morning Tribune Building.",Lewiston Morning Tribune,Chinatown; Heritage; Modernization; Community,"Lewiston, Idaho",Idaho,46.42283143473558,-117.0256833151126,Juniper Harvey-Marose,,Image;StillImage,image/jpeg,image,ipnw-objects-0038.jpg,https://objects.lib.uidaho.edu/peoples-ipnw/ipnw-objects-0038.jpg,https://objects.lib.uidaho.edu/peoples-ipnw/small/ipnw-objects-0038_sm.jpg,https://objects.lib.uidaho.edu/peoples-ipnw/thumbs/ipnw-objects-0038_th.jpg,,,
ipnw-objects-0058,ipnw-0004,"Sanborn Fire Insurance Map from Lewiston, Nez Perce County, Idaho.",,1888,Sanborn Map Company,Map,"1888 Sanborn Fire Insurance map of Lewiston, Idaho, showing downtown, including a group of buildings labeled “China Town” which represents the early Chinatown.","The map shows one of the earliest detailed records of Lewiston's Chinatown, showing the physical presence of the Chinese community in the late nineteenth century. This map illustrates the Chinese community's establishment of homes, businesses, and other establishments near the commercial core of Lewiston, despite facing social and legal marginalization.","1888 Lewiston, ID Sanborn Plat 2","Chinese Americans; Chinatown; Lewiston, Idaho; Fire Insurance Maps","Lewiston, Idaho",Idaho Territory,46.422470969846295,-117.0312199694228,Juniper Harvey-Marose,,Image;StillImage,image/jpeg,image,ipnw-objects-0058.jpg,https://objects.lib.uidaho.edu/peoples-ipnw/ipnw-objects-0058.jpg,https://objects.lib.uidaho.edu/peoples-ipnw/small/ipnw-objects-0058_sm.jpg,https://objects.lib.uidaho.edu/peoples-ipnw/thumbs/ipnw-objects-0058_th.jpg,,,
ipnw-objects-0011,ipnw-0005,"Burke, Idaho",,1930,,Historic Image,"postcard is of burke, idaho.","the postcard shows a bird's-eye view of the cramped conditions in the town of burke, idaho. burke is fascinating because the town's settlement was made possible by the ingenuity of the residents, who managed to fit a community into such a narrow canyon. the photograph also reveals the reason for the area's attraction, as ore processing mills were present in the valley.","pg 9, postcard collection, university of idaho library special collections and archives, http://www.lib.uidaho.edu/special-collections/",Buildings; Railroads; Mining Town,"Burke, Idaho",Idaho,47.520349,-115.820452,Dominic Hutton,https://www.lib.uidaho.edu/digital/postcards/items/nwpostcards782.html,Image;StillImage,image/jpeg,image,pg_9_01_05.jpg,https://objects.lib.uidaho.edu/postcards/pg_9_01_05.jpg,https://objects.lib.uidaho.edu/postcards/small/pg_9_01_05_sm.jpg,https://objects.lib.uidaho.edu/postcards/thumbs/pg_9_01_05_th.jpg,,,
ipnw-objects-0012,ipnw-0005,"Burke, Idaho Fire",,1923-07-13,,Historic Image,"smoke rises from damage from a fire in burke, idaho. people can be seen surveying the damage.","in 1923, the residents of Burke were devastated by a fire that destroyed many of the wooden structures in the valley. the fire demonstrated how vulnerable the town and its citizens were in the tightly packed canyon. despite the mass destruction, the town rebuilt many of the structures in an attempt to continue their way of life.","pg 83, george w. tabor photographs, 1890-1963",Fire; Smoke; Buildings,"Burke, Idaho",Idaho,47.543114446,-155.8182229,Dominic Hutton,https://www.lib.uidaho.edu/digital/tabor/items/tabor2962.html,Image;StillImage,image/jpeg,image,pg83-b03-f30-008_001.jpg,https://objects.lib.uidaho.edu/tabor/pg83-b03-f30-008_001.jpg,https://objects.lib.uidaho.edu/tabor/small/pg83-b03-f30-008_001_sm.jpg,https://objects.lib.uidaho.edu/tabor/thumbs/pg83-b03-f30-008_001_th.jpg,,,
ipnw-objects-0052,ipnw-0005,"Sanborn Map of Burke, Shoshone County, Idaho, 1892",,1892-12,Sanborn Map Company,Historic Image,"This is a map of the mining town Burke, Idaho in 1892","This map was created in 1892, the same year as the first labor incidents in the Coeur d'Alene mining district, an event in which Burke was caught in the middle. The map shows the different mines available for employment in the town for its residents, all of which were affected by the mining strikes in the 1890s. The map also gives a direct look at how cramped Burke was, as the railroad was in the center of the town.",Idaho Sanborn Map; University of Idaho Digital; https://www.lib.uidaho.edu/digital/sanborn/items/sanborn-burke-1892-001.html,Lead Mine; Bunk House; Silver Mine; Railroad,Mining Town Of Burke Idaho,Idaho,47.520665,-115.818815,Dominic Hutton,https://www.lib.uidaho.edu/digital/sanborn/items/sanborn-burke-1892-001.html,Image;StillImage,image/jpeg,image,sanborn-burke-1892-001.jpg,https://objects.lib.uidaho.edu/sanborn/sanborn-burke-1892-001.jpg,https://objects.lib.uidaho.edu/sanborn/small/sanborn-burke-1892-001_sm.jpg,https://objects.lib.uidaho.edu/sanborn/thumbs/sanborn-burke-1892-001_th.jpg,,,
ipnw-objects-0063,ipnw-0005,"Burke, Idaho",,1910,,Historic Image,overhead view of Burke Idaho,"as a site of the Coeur d' Alene mining wars, this photo gives a visual perspective of the residential side of the town of Burke. the canyon was narrow and the main street was occupied by the one train track that ran through the center of the town. the space of burke was curated for an extractive industry that led the residents to have to compromise comfort for stability by living directly next to the railroad.",photo group 5 | university of Idaho library special collections & archives | https://www.lib.uidaho.edu/special-collections/,Panoramas; Towns; Mountains,"Burke, Idaho",Idaho,47.522233,-115.812733,Dominic Hutton,https://www.lib.uidaho.edu/digital/cities/items/cities760.html,Image;StillImage,image/jpeg,image,cities760.jpg,https://objects.lib.uidaho.edu/cities/cities760.jpg,https://objects.lib.uidaho.edu/cities/small/cities760_sm.jpg,https://objects.lib.uidaho.edu/cities/thumbs/cities760_th.jpg,,,
ipnw-objects-0064,ipnw-0005,"Burke, Idaho",,2021,Matthew O. Stephens,Contemporary Image,photo of a dilapidated ore processing plant in Burke Idaho.,"the photo shows a picture of an out of service ore processing plant in Burke during the winter. the concrete building reflects the once productive town of burke, supported by a boom-and-bust industry. burke is a ghost town where the infrastructure tells a story of the northwest as a region that was built on the exploitation of natural resources for short term success.","on the trail of adventure, 2021, Burke, Idaho",Snow; Mill; Mountain; Building,"Ore Processing Mill; Burke, Idaho",Idaho,47.5203,-115.8192,Dominic Hutton,https://onthetrailofadventure.com/wp-content/uploads/2021/02/burke-idaho-final-edits-16.jpg?w=3500&h=,Image;StillImage,image/jpeg,image,ipnw-objects-0064.jpg,https://objects.lib.uidaho.edu/peoples-ipnw/ipnw-objects-0064.jpg,https://objects.lib.uidaho.edu/peoples-ipnw/small/ipnw-objects-0064_sm.jpg,https://objects.lib.uidaho.edu/peoples-ipnw/thumbs/ipnw-objects-0064_th.jpg,,,
ipnw-objects-0005,ipnw-0006,"10,000 Join to Keep Table Rock Cross Standing",,1999-11-28,The Idaho Statesman,Other Source,"An article published by The Idaho Statesman reports on the march from the Boise Depot to the Capitol Building, following reports that the cross might be removed.","This source is significant because the front-page article demonstrates the intensity with which Boise residents felt towards the symbol of faith. The article also reflects how residents view the cross as a local identity of faith and tradition, beyond its structural form. The source even reveals how the media had a role in shaping local identity, as the report shows which narratives were amplified.","November 28, 1999, Idaho Statesman (Boise, Idaho), available at News Bank Inc., Idaho Statesman archive",Table Rock Cross; Protest; Religion,"Boise, Idaho",Idaho,43.617533,-116.200074,Ruth Irby,,Text,application/pdf,record,ipnw-objects-0005.pdf,,https://objects.lib.uidaho.edu/peoples-ipnw/small/ipnw-objects-0005_sm.jpg,https://objects.lib.uidaho.edu/peoples-ipnw/thumbs/ipnw-objects-0005_th.jpg,,,
ipnw-objects-0006,ipnw-0006,Shoshonie Indians- Missions,,,Idaho State Archives,Historic Image,Chapel of the Good Shephard and mission school at the Fort Hall reservation.,"This image depicts a mission chapel and school that was built and used on the Fort Hall Reservation to assimilate Shoshone people. The photo serves as a visual reminder to the audience of the extreme conditions and treatments endured by the Shoshone and Bannock tribes. As the early religious groups of Idaho displaced Native populations and established religious dominance, the Table Rock Cross represents the modern conflict of religion being inherently linked to the political, social, and cultural aspects of Boise, Idaho.",Idaho State Archives Digital Collection https://idahohistory.contentdm.oclc.org/digital/collection/p16281coll21/id/172/rec/6,Missionaries; Resettlement; Schoolhouses,Fort Hall Reservation,Idaho,43.02516422186962,-112.42660189880517,Ruth Irby,,Image;StillImage,image/jpeg,image,ipnw-objects-0006.png,https://objects.lib.uidaho.edu/peoples-ipnw/ipnw-objects-0006.png,https://objects.lib.uidaho.edu/peoples-ipnw/small/ipnw-objects-0006_sm.jpg,https://objects.lib.uidaho.edu/peoples-ipnw/thumbs/ipnw-objects-0006_th.jpg,,,
ipnw-objects-0039,ipnw-0006,Outside threat spurs thousands to stand up for Table Rock cross,,1999-12-05,The Idaho Statesman,Other Source,"The article focuses on the march that supported the Table Rock Cross, discussing the social conflict that followed a week later.","By comparing the community outrage years before the outrage of an atheist protester, and after the cross was jeopardized, the article highlights the community's deep ties to religion. The article will also provide important information on the community's shift from an indifferent nature to passionate outcry.","December 5, 1999, Idaho Statesman (Boise, Idaho), available at News Bank Inc., Idaho Statesman Archive",Religion; Conflict; Community,"Boise, Idaho",Idaho,43.617533,-116.200074,Ruth Irby,,Text,application/pdf,record,ipnw-objects-0039.pdf,,https://objects.lib.uidaho.edu/peoples-ipnw/small/ipnw-objects-0039_sm.jpg,https://objects.lib.uidaho.edu/peoples-ipnw/thumbs/ipnw-objects-0039_th.jpg,,,
ipnw-objects-0040,ipnw-0006,Letters to the Editor,,1999-12-25,The Idaho Statesman,Other Source,The section of “Letter to the Editor” displays various opinions and beliefs about the controversy of the Table Rock cross.,"By describing the various perspectives of the Table Rock cross, I will paint a picture that helps the audience understand how the community was divided. The differing views reflect the Boise Valley's deeply rooted religious tradition, and as the community has grown, these differing beliefs have often led to conflicts.","Letters to the Editor, December 25, 1999, Idaho Statesman (Boise, Idaho), available at News Bank Inc., Idaho Statesman Archive",Local Identity; Religion; Morality,"Boise, Idaho",Idaho,43.59963290859761,-116.14746449629436,Ruth Irby,,Text,application/pdf,record,ipnw-objects-0040.pdf,,https://objects.lib.uidaho.edu/peoples-ipnw/small/ipnw-objects-0040_sm.jpg,https://objects.lib.uidaho.edu/peoples-ipnw/thumbs/ipnw-objects-0040_th.jpg,,,
ipnw-objects-0060,ipnw-0006,Table Rock Map,,,CalTopo,Map,"The topographic map illustrates the Table Rock Plateau, with the location of the cross marked, and shows the surrounding environment and structures.","The image will help the audience understand and put the location of the Table Rock cross into perspective, as well as its proximity to the city. The map will help explain how the cross sits above the town, and its strategic placement was intended to influence the perspectives of citizens and non-residents alike.",CalTopo,Map; Table Rock Plateau,"Boise, Idaho",Idaho,43.598662,-116.147614,Ruth Irby,,Image;StillImage,image/jpeg,image,ipnw-objects-0060.png,https://objects.lib.uidaho.edu/peoples-ipnw/ipnw-objects-0060.png,https://objects.lib.uidaho.edu/peoples-ipnw/small/ipnw-objects-0060_sm.jpg,https://objects.lib.uidaho.edu/peoples-ipnw/thumbs/ipnw-objects-0060_th.jpg,,,
ipnw-objects-0075,ipnw-0006,Table Rock Cross,,,Edward F. Rhodenbaugh,Historic Image,"Early photo of Table Rock Cross, 1950s to 1960s",,"Edward F. Rhodenbaugh Papers, MSS 011, Special Collections and Archives, Albertsons Library, Boise State University",,"Boise, Idaho",Idaho,43.598662,-116.147614,Ruth Irby,https://boisestate.starter1ua.preservica.com/portal/asset/sdb%3AIO%7C1046d747-6fcb-4818-bf4c-efa69398120b,Image;StillImage,image/jpeg,image,ipnw-objects-0075.jpg,https://objects.lib.uidaho.edu/peoples-ipnw/ipnw-objects-0075.jpg,https://objects.lib.uidaho.edu/peoples-ipnw/small/ipnw-objects-0075_sm.jpg,https://objects.lib.uidaho.edu/peoples-ipnw/thumbs/ipnw-objects-0075_th.jpg,,,
ipnw-objects-0076,ipnw-0006,Table Rock Cross,,2020,Idaho Architecture Project,Contemporary Image,"Color photo of Table Rock Cross showing location on rocky prominence.",,"Table Rock Cross, Idaho Architecture Project, https://www.idahoarchitectureproject.org/properties/table-rock-cross/",,"Boise, Idaho",Idaho,43.598662,-116.147614,,https://www.idahoarchitectureproject.org/properties/table-rock-cross/,Image;StillImage,image/jpeg,image,ipnw-objects-0076.jpg,https://objects.lib.uidaho.edu/peoples-ipnw/ipnw-objects-0076.jpg,https://objects.lib.uidaho.edu/peoples-ipnw/small/ipnw-objects-0076_sm.jpg,https://objects.lib.uidaho.edu/peoples-ipnw/thumbs/ipnw-objects-0076_th.jpg,,,
ipnw-objects-0013,ipnw-0007,Basic Personnel Record for Toshio Sumida,,1941-12-09,War Department. Office of the Provost Marshal General.,Historic Image,"Created by the U.S. War Department during World War II, a Basic Personnel Record (BPR) is an index card that records personal biographic, biometric, and legal information for all individuals.","Toshio Sumida was born in Japan on 1909-09-23. Sumida was detained on 1942-03-13 in Los Angeles, California and taken to the Kooskia Internment Camp in Kooskia, ID on 1943-09-20. This Basic Personnel Record catalogues Sumida's physical characteristics, inventories his taken personal effects, catalogues his education, and documents other details of his capture and incarceration.","""Basic Personnel Record (Alien Enemy or Prisoner of War),"" Entry 466F, Records Relating to Japanese Civilian Internees during World War II, 1942-1946; Records of the Office of the Provost Marshal General, Record Group 389; National Archives at College Park, College Park, MD.",Internment; Japanese; Record,Sante Fe,New Mexico,35.6833,-105.9333,James Phelan,https://internmentarchaeology.org/record/object/217-841-269/,Image;StillImage,application/pdf,pdf,ipnw-objects-0013.pdf,https://objects.lib.uidaho.edu/peoples-ipnw/ipnw-objects-0013.pdf,https://objects.lib.uidaho.edu/peoples-ipnw/small/ipnw-objects-0013_sm.jpg,https://objects.lib.uidaho.edu/peoples-ipnw/thumbs/ipnw-objects-0013_th.jpg,,,
ipnw-objects-0014,ipnw-0007,Hand drawn picture of Kooskia scene,,1944,Toshio Sumida,Historic Image,This is a hand drawn picture of buildings and pine trees signed by Toshio from Kooskia Internment Camp. Photo taken from 12-3/4 x 15-1/4 Photograph album of the Kooskia Japanese Internment Camp.,"This drawing is one of two found in the Kooskia Internment Camp Scrapbook drawn by Toshio Sumdia, a detainee at the camp from 1943-1945. Toshio's drawing reflects the wild beauty of the camp juxtaposed against the carceral camp buildings at the site.","PG 103, Kooskia Internment Camp Scrapbook, University of Idaho Library Special Collections and Archives, http://www.lib.uidaho.edu/special-collections/",Iternment Camp; Drawing,Kooskia Internment Camp,Idaho,46.209516432458635,-115.5449849995276,James Phelan,https://www.lib.uidaho.edu/digital/kooskia/items/kooskia035.html,Image;StillImage,image/jpeg,image,pg103_box1_page09_a.jpg,https://objects.lib.uidaho.edu/kooskia/pg103_box1_page09_a.jpg,https://objects.lib.uidaho.edu/kooskia/small/pg103_box1_page09_a_sm.jpg,https://objects.lib.uidaho.edu/kooskia/thumbs/pg103_box1_page09_a_th.jpg,,,
ipnw-objects-0027,ipnw-0007,Group photograph of men at work site,,1944,,Historic Image,A group photograph of the workers of the Kooskia Internment Camp beside the Lochsa River.,"Depictions of daily life and labor at Kooskia Internment Camp present the multifaceted experience of the internees. The men worked laborious, often technical jobs as they cleared the terrain and constructed Highway 12. The images also present the active social lives of the men as they entertained themselves in the remote Idaho backcountry.","PG 103, Kooskia Internment Camp Scrapbook, University of Idaho Library Special Collections and Archives, http://www.lib.uidaho.edu/special-collections/",Internment; Japanese; Labor,Kooskia Internment Camp,Idaho,46.20967351497329,-115.54743787929084,James Phelan,https://www.lib.uidaho.edu/digital/kooskia/items/kooskia092.html,Image;StillImage,image/jpeg,image,pg103_box1_page23_a.jpg,https://objects.lib.uidaho.edu/kooskia/pg103_box1_page23_a.jpg,https://objects.lib.uidaho.edu/kooskia/small/pg103_box1_page23_a_sm.jpg,https://objects.lib.uidaho.edu/kooskia/thumbs/pg103_box1_page23_a_th.jpg,,,
ipnw-objects-0028,ipnw-0007,Construction work by Lochsa River near Kooskia,,1944,,Historic Image,Image of three men from Kooskia Internment Camp working with construction equipment.,"Depictions of daily life and labor at Kooskia Internment Camp present the multifaceted experience of the internees. The men worked laborious, often technical jobs as they cleared the terrain and constructed Highway 12. The images also present the active social lives of the men as they entertained themselves in the remote Idaho backcountry.","PG 103, Kooskia Internment Camp Scrapbook, University of Idaho Library Special Collections and Archives, http://www.lib.uidaho.edu/special-collections/",Internment; Japanese; Labor,Kooskia Internment Camp,Idaho,46.20967351497329,-115.54743787929084,James Phelan,https://www.lib.uidaho.edu/digital/kooskia/items/kooskia913.html,Image;StillImage,image/jpeg,image,pg103_box1_page35_c.jpg,https://objects.lib.uidaho.edu/kooskia/pg103_box1_page35_c.jpg,https://objects.lib.uidaho.edu/kooskia/small/pg103_box1_page35_c_sm.jpg,https://objects.lib.uidaho.edu/kooskia/thumbs/pg103_box1_page35_c_th.jpg,,,
ipnw-objects-0029,ipnw-0007,Buildings at Kooskia showing Canyon Creek and road,,1944,,Historic Image,Image of buildings and vehicles at Kooskia Internment Camp.,"Depictions of daily life and labor at Kooskia Internment Camp present the multifaceted experience of the internees. The men worked laborious, often technical jobs as they cleared the terrain and constructed Highway 12. The images also present the active social lives of the men as they entertained themselves in the remote Idaho backcountry.","PG 103, Kooskia Internment Camp Scrapbook, University of Idaho Library Special Collections and Archives, http://www.lib.uidaho.edu/special-collections/",Internment; Japanese; Labor,Kooskia Internment Camp,Idaho,46.20967351497329,-115.54743787929084,James Phelan,https://www.lib.uidaho.edu/digital/kooskia/items/kooskia789.html,Image;StillImage,image/jpeg,image,pg103_box1_page02_b.jpg,https://objects.lib.uidaho.edu/kooskia/pg103_box1_page02_b.jpg,https://objects.lib.uidaho.edu/kooskia/small/pg103_box1_page02_b_sm.jpg,https://objects.lib.uidaho.edu/kooskia/thumbs/pg103_box1_page02_b_th.jpg,,,
ipnw-objects-0030,ipnw-0007,Construction work near Kooskia with men drilling into cliff face,,1944,,Historic Image,Image of three men working with construction equipment at Kooskia Internment Camp.,"Depictions of daily life and labor at Kooskia Internment Camp present the multifaceted experience of the internees. The men worked laborious, often technical jobs as they cleared the terrain and constructed Highway 12. The images also present the active social lives of the men as they entertained themselves in the remote Idaho backcountry.","PG 103, Kooskia Internment Camp Scrapbook, University of Idaho Library Special Collections and Archives, http://www.lib.uidaho.edu/special-collections/",Internment; Japanese; Labor,Kooskia Internment Camp,Idaho,46.20967351497329,-115.54743787929084,James Phelan,https://www.lib.uidaho.edu/digital/kooskia/items/kooskia912.html,Image;StillImage,image/jpeg,image,pg103_box1_page35_b.jpg,https://objects.lib.uidaho.edu/kooskia/pg103_box1_page35_b.jpg,https://objects.lib.uidaho.edu/kooskia/small/pg103_box1_page35_b_sm.jpg,https://objects.lib.uidaho.edu/kooskia/thumbs/pg103_box1_page35_b_th.jpg,,,
ipnw-objects-0031,ipnw-0007,Men playing card game in Kooskia,,1944,,Historic Image,Interior image of a group of men sitting at a table playing a card game at Kooskia Internment Camp.,"Depictions of daily life and labor at Kooskia Internment Camp present the multifaceted experience of the internees. The men worked laborious, often technical jobs as they cleared the terrain and constructed Highway 12. The images also present the active social lives of the men as they entertained themselves in the remote Idaho backcountry.","PG 103, Kooskia Internment Camp Scrapbook, University of Idaho Library Special Collections and Archives, http://www.lib.uidaho.edu/special-collections/",Internment; Japanese; Labor,Kooskia Internment Camp,Idaho,46.20967351497329,-115.54743787929084,James Phelan,https://www.lib.uidaho.edu/digital/kooskia/items/kooskia845.html,Image;StillImage,image/jpeg,image,pg103_box1_page18_b.jpg,https://objects.lib.uidaho.edu/kooskia/pg103_box1_page18_b.jpg,https://objects.lib.uidaho.edu/kooskia/small/pg103_box1_page18_b_sm.jpg,https://objects.lib.uidaho.edu/kooskia/thumbs/pg103_box1_page18_b_th.jpg,,,
ipnw-objects-0032,ipnw-0007,Fishing on raft near Kooskia,,1944,,Historic Image,Image of man on raft fishing on the Lochsa River at Kooskia Internment Camp.,"Depictions of daily life and labor at Kooskia Internment Camp present the multifaceted experience of the internees. The men worked laborious, often technical jobs as they cleared the terrain and constructed Highway 12. The images also present the active social lives of the men as they entertained themselves in the remote Idaho backcountry.","PG 103, Kooskia Internment Camp Scrapbook, University of Idaho Library Special Collections and Archives, http://www.lib.uidaho.edu/special-collections/",Internment; Japanese; Labor,Kooskia Internment Camp,Idaho,46.20967351497329,-115.54743787929084,James Phelan,https://www.lib.uidaho.edu/digital/kooskia/items/kooskia857.html,Image;StillImage,image/jpeg,image,pg103_box1_page21_c.jpg,https://objects.lib.uidaho.edu/kooskia/pg103_box1_page21_c.jpg,https://objects.lib.uidaho.edu/kooskia/small/pg103_box1_page21_c_sm.jpg,https://objects.lib.uidaho.edu/kooskia/thumbs/pg103_box1_page21_c_th.jpg,,,
ipnw-objects-0007,ipnw-0008,gold panning in boise basin,,1890,otto m jones,Historic Image,a picture showing the father of jim lusk panning gold,"people who left home searching for gold to these isolated areas rarely had been documented, this area looks like the small hills of new centerville that is cut through by grimes creek, and shows a lot about the tools and equipment gold panners like this pictured man had access to.",idaho state historical society,Miners; Gold Mining; Hydraulic Mining,New Centerville,Idaho,43.5325,-115.5419,Grady Lynch,https://idahohistory.contentdm.oclc.org/digital/api/singleitem/image/p265501coll1/66/default.jpg,Image;StillImage,image/jpeg,image,ipnw-objects-0007.jpg,https://objects.lib.uidaho.edu/peoples-ipnw/ipnw-objects-0007.jpg,https://objects.lib.uidaho.edu/peoples-ipnw/small/ipnw-objects-0007_sm.jpg,https://objects.lib.uidaho.edu/peoples-ipnw/thumbs/ipnw-objects-0007_th.jpg,,,
ipnw-objects-0008,ipnw-0008,hydraulic mining 1,,1880,,Historic Image,A picture showing the process of placer mining and the force of the hydraulic equipment,"this shows just exactly how the sides of many rivers in the boise basin are so eroded compared to other streams. This process used for gold mining is the reason today why grimes creek is viewable from the sky not as a stream of life, but a barren and scarred path.",idaho state historical society,Hydraulic Mining; Mining,Granite Creek,Idaho,43.5548,-115.5739,Grady Lynch,https://idahohistory.contentdm.oclc.org/digital/collection/p265501coll1/id/1152/rec/1,Image;StillImage,image/jpeg,image,ipnw-objects-0008.jpg,https://objects.lib.uidaho.edu/peoples-ipnw/ipnw-objects-0008.jpg,https://objects.lib.uidaho.edu/peoples-ipnw/small/ipnw-objects-0008_sm.jpg,https://objects.lib.uidaho.edu/peoples-ipnw/thumbs/ipnw-objects-0008_th.jpg,,,
ipnw-objects-0043,ipnw-0008,Old post office Building,,1953-08-15,Idaho Historical Society,Historic Image,A picture showing the new post office building that replaced the one lost in the fire of 1867.,"This building still stands today not as a post office but a museum, at the time of this photo the building was over 60 years old and everything but the brick walls were in serious disrepair. It was built with brick to avoid burning down like its predecessor.",Library of Congress,Fire Resistant; Houses,"Idaho City, Idaho",Idaho,43.82853637796848,-115.83382271897311,Grady Lynch,https://www.loc.gov/resource/hhh.id0024.photos/?sp=8&st=image,Image;StillImage,image/jpeg,image,ipnw-objects-0043.png,https://objects.lib.uidaho.edu/peoples-ipnw/ipnw-objects-0043.png,https://objects.lib.uidaho.edu/peoples-ipnw/small/ipnw-objects-0043_sm.jpg,https://objects.lib.uidaho.edu/peoples-ipnw/thumbs/ipnw-objects-0043_th.jpg,,,
ipnw-objects-0044,ipnw-0008,Boise Basin Museum,,2022-07,Idaho Historical Foundation,Contemporary Image,Inside of the Boise Basin Museum depicting artifacts and posters.,"A lot of the history in the Boise Basin is contained here, objects found from historical sites are sold as nick nacks. This shows the results of many dig sites and photos gathered from descendants of current residents. This building is actually the old post office too.",Idaho Historical Foundation,Museum; Metal Work,"Idaho City, Idaho",Idaho,43.82853637796848,-115.83382271897311,Grady Lynch,https://idahocityhistoricalfoundation.org/wp-content/uploads/2022/07/Museum-9-scaled.jpg,Image;StillImage,image/jpeg,image,ipnw-objects-0044.jpg,https://objects.lib.uidaho.edu/peoples-ipnw/ipnw-objects-0044.jpg,https://objects.lib.uidaho.edu/peoples-ipnw/small/ipnw-objects-0044_sm.jpg,https://objects.lib.uidaho.edu/peoples-ipnw/thumbs/ipnw-objects-0044_th.jpg,,,
ipnw-objects-0053,ipnw-0008,Index map of southern and central Idaho mining regions,,1900,,Historic Image,A map containing major mining and placer sites in the area.,"This shows how saturated the area was in mining regions, though it doesn't show the full extent of each area, it does show the activity tied to each river and the largest centers of mining. The density of sites are further shown by multiple sites on single rivers.",Idaho state Historical Society,Mining; Gold,Southern Idaho,Idaho,43.971015594992174,-115.41499218992686,Grady Lynch,https://idahohistory.contentdm.oclc.org/digital/collection/p265501coll1/id/198/,Image;StillImage,image/jpeg,image,ipnw-objects-0053.jpg,https://objects.lib.uidaho.edu/peoples-ipnw/ipnw-objects-0053.jpg,https://objects.lib.uidaho.edu/peoples-ipnw/small/ipnw-objects-0053_sm.jpg,https://objects.lib.uidaho.edu/peoples-ipnw/thumbs/ipnw-objects-0053_th.jpg,,,
ipnw-objects-0017,ipnw-0009,Annual report adult handicap camp summer session 1979,,1979,Roger C. Larson; Diane Albright,Other Source,An annual report of the 1979 adult handicap summer camp.,The primary source relates to my place because it allows us to further understand how camp larson was managed.it also shows how the camp served handicap adults.,"The primary source came from washington state university libraries manuscripts, archives, and collections.also known as masc.the link can be found here.https://archiveswest.orbiscascade.org/ark:80444/xv802092?q=%22Camp%20Larson%22",Reports; Handicap,Lake Coeur d'Alene,Washington; Idaho,47.44609234095441,-116.83879614364838,Jose Montelongo,,Text,application/pdf,pdf,ipnw-objects-0017.pdf,https://objects.lib.uidaho.edu/peoples-ipnw/ipnw-objects-0017.pdf,https://objects.lib.uidaho.edu/peoples-ipnw/small/ipnw-objects-0017_sm.jpg,https://objects.lib.uidaho.edu/peoples-ipnw/thumbs/ipnw-objects-0017_th.jpg,,,
ipnw-objects-0033,ipnw-0009,Washington state university camp larson scrapbooks and photographs,,1981,Washington state university camp larson,Historic Image,A night gathering at camp larson.,The picture shows what a typical night might have looked like at camp larson.,"The primary source came from washington state university libraries, manuscripts, archives, and collections.also known as masc.the link can be found here.https://archiveswest.obiscascade.org/ark:/80444/xv649443",Disability; Gathering,Camp Larson,Washington; Idaho,47.44609234095441,-116.83879614364838,Jose Montelongo,,Image;StillImage,application/pdf,pdf,ipnw-objects-0033.pdf,https://objects.lib.uidaho.edu/peoples-ipnw/ipnw-objects-0033.pdf,https://objects.lib.uidaho.edu/peoples-ipnw/small/ipnw-objects-0033_sm.jpg,https://objects.lib.uidaho.edu/peoples-ipnw/thumbs/ipnw-objects-0033_th.jpg,,,
ipnw-objects-0036,ipnw-0009,Coeur d'Alene Tribe celebrates the renaming of Camp Larson to ch ułts'e'l,,2025-06-29,Coeur d'alene tribe,Contemporary Image,Members of the couer d'alene tribe ride a canoe.,The land where camp larson was settled on originally belonged to the couer d'alene tribe.,Coeur d'Alene Press,Canoe; Coeur D'alene Tribe; Lake,Camp ch ults'e'l,Idaho,47.44609234095441,-116.83879614364838,Jose Montelongo,https://cdapress.com/news/2025/jun/29/coeur-dalene-tribe-celebrates-the-renaming-of-camp-larson-to-ch-ultsel/,Image;StillImage,image/jpeg,image,ipnw-objects-0036.jpg,https://objects.lib.uidaho.edu/peoples-ipnw/ipnw-objects-0036.jpg,https://objects.lib.uidaho.edu/peoples-ipnw/small/ipnw-objects-0036_sm.jpg,https://objects.lib.uidaho.edu/peoples-ipnw/thumbs/ipnw-objects-0036_th.jpg,,,
ipnw-objects-0059,ipnw-0009,Preliminary Guide to the Roger C. Larson Papers,,1974-06-19,Roger C. Larson,Map,A map redesign of Camp Easter Seal,These maps give us an insight of what Camp Easter Seal might have looked like.The camp is reimagined in four different ways from the WSU Architecture program.,"The primary source came from Washington State University Libraries Manuscripts, Archives, and Collections.Also known as MASC.the link can be found here. https://archiveswest.orbiscascade.org/ark:80444/xv802092?q=%22Camp%20Larson%22",Camp Easter Seal; Map,Camp Easter Seal,Washington; Idaho,47.44609234095441,-116.83879614364838,Jose Montelongo,,Image;StillImage,application/pdf,pdf,ipnw-objects-0059.pdf,https://objects.lib.uidaho.edu/peoples-ipnw/ipnw-objects-0059.pdf,https://objects.lib.uidaho.edu/peoples-ipnw/small/ipnw-objects-0059_sm.jpg,https://objects.lib.uidaho.edu/peoples-ipnw/thumbs/ipnw-objects-0059_th.jpg,,,
ipnw-objects-0003,ipnw-0010,"sanborn map of wallace, shoshone county, idaho, 1891",,1891,sanborn map company,Map,map page highlighting detailed information about the location's features,shows how wallace looked back in their time. shows where the buildings are and located. shows what the buildings were.,"Sanborn Map of Wallace, Shoshone County, Idaho, 1891"", Idaho Sanborn Maps, University of Idaho Library Digital Collections",Streets; Buildings; Owners,"Wallace, Idaho",Idaho,47.477954923166294,-115.92497974679152,Paul Parmeley,https://www.lib.uidaho.edu/digital/sanborn/items/wallace-1891.html#sanborn-wallace-1891-002,Image;StillImage,image/jpeg,image,sanborn-wallace-1891-002.jpg,https://objects.lib.uidaho.edu/sanborn/sanborn-wallace-1891-002.jpg,https://objects.lib.uidaho.edu/sanborn/small/sanborn-wallace-1891-002_sm.jpg,https://objects.lib.uidaho.edu/sanborn/thumbs/sanborn-wallace-1891-002_th.jpg,,,
ipnw-objects-0004,ipnw-0010,Amador Mine [02],,1907-03-09,"Barnard Studio (Wallace, Idaho)",Historic Image,"Men sitting on top of a train engine on the railroad tracks, with a water storage tank in the background. Taken at the Amador Mine in Cedar Creek, Montana.",shows how the miners lived in the day. shows how they got around and transported the silver they found. also shows how they looked as well and the style of the safety comparison.,"Amador Mine [02]"", Barnard-Stockbridge Photograph Collection, University of Idaho Library Digital Collections, https://www.lib.uidaho.edu/digital/barstock/items/barstock1208.html",Men; Trains; Railroads,Cedar Creek,Montana,48.40732220157103,-115.69079200476847,Paul Parmeley,https://www.lib.uidaho.edu/digital/barstock/items/barstock1208.html,Image;StillImage,image/jpeg,image,barstock1208.jpg,https://objects.lib.uidaho.edu/barstock/barstock1208.jpg,https://objects.lib.uidaho.edu/barstock/small/barstock1208_sm.jpg,https://objects.lib.uidaho.edu/barstock/thumbs/barstock1208_th.jpg,,,
ipnw-objects-0051,ipnw-0010,"Sanborn Map of Wallace, Shoshone County, Idaho, 1891",,1891,Sanborn Map Company,Map,map page highlighting detailed information about the locations features.,shows how Wallace looked back in their time. shows where the buildings are and located. shows what the buildings were,"""Sanborn Map of Wallace, Shoshone County, Idaho, 1891"", Idaho Sanborn Maps, University of Idaho Library Digital Collections",Streets; Buildings,"Wallace, Idaho",Idaho,47.47243501,-115.9248831,Paul Parmeley,https://www.lib.uidaho.edu/digital/sanborn/items/wallace-1891.html,Image;StillImage,image/jpeg,image,sanborn-wallace-1891-001.jpg,https://objects.lib.uidaho.edu/sanborn/sanborn-wallace-1891-001.jpg,https://objects.lib.uidaho.edu/sanborn/small/sanborn-wallace-1891-001_sm.jpg,https://objects.lib.uidaho.edu/sanborn/thumbs/sanborn-wallace-1891-001_th.jpg,,,
ipnw-objects-0022,ipnw-0011,General Housing Conditions in Spokane,,1962-03,Urban Renewal Department,Other Source,A report detailing the extent of Urban 'blight' in Spokane and the procedure to fix it.,"This report is naming some of the most prominent projects that exist in Spokane today, such as the freeway that was soon to be built. It also has significance to my own project because it was sent to the newly formed government that was specifically formed to pass urban renewal legislation. Also includes the programs that were going to be used to enact these changes, imploring the use of a federal funding scheme.",University of Washington Libraries,Urban Renewal; City Government,"Spokane, Washington",Washington,47.658779,-117.426048,Logan Romans,,Text,application/pdf,record,ipnw-objects-0022.pdf,,https://objects.lib.uidaho.edu/peoples-ipnw/small/ipnw-objects-0022_sm.jpg,https://objects.lib.uidaho.edu/peoples-ipnw/thumbs/ipnw-objects-0022_th.jpg,,,
ipnw-objects-0077,ipnw-0011,"Analysis of the Spokane, Washington Housing Market as of December 1, 1966",,1967-10,"Department of Housing and Urban Development, Federal Housing Administration",Other Source,A FHA report detailing the local housing market for use in mortgage insurance operations,,University of Washington,,"Spokane, Washington",Washington,47.658779,-117.426048,,https://www.huduser.gov/portal/publications/pdf/scanned/scan-chma-SpokaneWA-1966.pdf,Text,application/pdf,record,ipnw-objects-0077.pdf,https://objects.lib.uidaho.edu/peoples-ipnw/ipnw-objects-0077.pdf,https://objects.lib.uidaho.edu/peoples-ipnw/small/ipnw-objects-0077_sm.jpg,https://objects.lib.uidaho.edu/peoples-ipnw/thumbs/ipnw-objects-0077_th.jpg,,,
ipnw-objects-0045,ipnw-0011,Spokane -- Expo '74 -- Views Before (#04),,1961,Spokane Public Library,Historic Image,A picture of Spokane falls and downtown before renewal.,"This picture is a moment lost to history, Spokane's riverfront, which for most alive today is redeveloped. This shows downtown industrial and apartment buildings, many of which were destroyed and turned into convention centers or parking lots. This picture is exactly one year after the new Spokane government took over, with the 'new' Spokane city hall in view before it was the city hall.","Spokane Public Library, Northwest Digital Heritage.",City; Urban Renewal; Spokane Falls,"Spokane, Washington",Washington,47.658779,-117.426048,Logan Romans,https://lange.spokanelibrary.org/items/show/263,Image;StillImage,image/jpeg,image,ipnw-objects-0045.jpg,https://objects.lib.uidaho.edu/peoples-ipnw/ipnw-objects-0045.jpg,https://objects.lib.uidaho.edu/peoples-ipnw/small/ipnw-objects-0045_sm.jpg,https://objects.lib.uidaho.edu/peoples-ipnw/thumbs/ipnw-objects-0045_th.jpg,,,
ipnw-objects-0073,ipnw-0011,Summary of Genreal Housing Conditions in Spokane,,1960,Urban Renewal Department,Historic Image,A map of housing conditions in Spokane.,This map shows the specific areas that the Urban Renewal Department wants reformed. It shows the scale of the Urban Renewal that would be pushed. It also shows the future freeway that would be built through poor-quality housing areas.,"University Libraries, University of Washington",urban renewal; housing,"Spokane, Washington",Washington,47.658779,-117.426048,Logan Romans,,Image;StilImage,image/jpeg,image,ipnw-objects-0073.jpg,https://objects.lib.uidaho.edu/peoples-ipnw/ipnw-objects-0073.jpg,https://objects.lib.uidaho.edu/peoples-ipnw/small/ipnw-objects-0073_sm.jpg,https://objects.lib.uidaho.edu/peoples-ipnw/thumbs/ipnw-objects-0073_th.jpg,,,
ipnw-objects-0046,ipnw-0011,Contemporary Spokane Image Google Earth,,2025,Google Earth,Contemporary Image,A google earth image of Spokane's downtown,"This image shows the new riverfront, coated in convention centers and greenery. It represents the change from the historical photo",Google Maps,spokane river; parks,"Spokane, Washington",Washington,47.658779,117.426048,Logan Romans,https://maps.google.com/,Image;StillImage,image/jpeg,image,ipnw-objects-0046.jpg,https://objects.lib.uidaho.edu/peoples-ipnw/ipnw-objects-0046.jpg,https://objects.lib.uidaho.edu/peoples-ipnw/small/ipnw-objects-0046_sm.jpg,https://objects.lib.uidaho.edu/peoples-ipnw/thumbs/ipnw-objects-0046_th.jpg,,,
ipnw-objects-0074,ipnw-0011,Spokane Downtown Pic 1959,,1959,Spokane History Preservation Office,Historic Image,Photo of downtown Spokane looking east.,This photo shows Spokane before its radical transformation in 1974. This picture is important because it shows the true look of Spokane during the urban renewal debate.,Washington State Archives,housing; railroad; spokane river,"Spokane, Washington",Washington,47.658779,117.426048,Logan Romans,https://digitalarchives.wa.gov/DigitalObject/View/06156A678F0A4F6E802637F11E7BD569,Image;StillImage,image/jpeg,image,ipnw-objects-0074.png,https://objects.lib.uidaho.edu/peoples-ipnw/ipnw-objects-0074.png,https://objects.lib.uidaho.edu/peoples-ipnw/small/ipnw-objects-0074_sm.jpg,https://objects.lib.uidaho.edu/peoples-ipnw/thumbs/ipnw-objects-0074_th.jpg,,,
ipnw-objects-0001,ipnw-0012,"Taft, Montana",,1908,Harry English,Historic Image,"View of a small town, built along the railroad.","This photo shows the majority of the buildings in Taft including: the post office, a Hotel, Flathead Company, Roma Saloon, Clothing Store, Headquarters Saloon, California Liquor Store, North Pole Saloon, Hay Market Saloon, Meat Market, and several additional saloons to the left. The layout of the town shows how it revolved around the railroad.",Montana State Library,Taft; Montana; Railroad; Photo,"Taft, Montana",Montana,47.416382767063624,-115.59714217997082,Dylan Vance,https://www.mtmemory.org/nodes/view/76170,Image;StillImage,image/jpeg,image,ipnw-objects-0001.jpg,https://objects.lib.uidaho.edu/peoples-ipnw/ipnw-objects-0001.jpg,https://objects.lib.uidaho.edu/peoples-ipnw/small/ipnw-objects-0001_sm.jpg,https://objects.lib.uidaho.edu/peoples-ipnw/thumbs/ipnw-objects-0001_th.jpg,,,
ipnw-objects-0002,ipnw-0012,"Riverbend N Saltese, Montana",,2022,Google Maps Street View,Contemporary Image,Modern street view of Taft's historic location from I-90.,"There is some discrepancy between Google Maps and reputable sources as to the location of Taft, which no longer exists. However, the I-90 interstate runs over what should be the historic location of Taft, Montana.",Google Maps Street View,Taft; Interstate; Road; Photo,"Saltese, Montana",Montana,47.421898042764795,-115.60874907873004,Dylan Vance,https://maps.app.goo.gl/tyX1TSnoS4xo7EfB8,Image;StillImage,image/jpeg,image,ipnw-objects-0002.png,https://objects.lib.uidaho.edu/peoples-ipnw/ipnw-objects-0002.png,https://objects.lib.uidaho.edu/peoples-ipnw/small/ipnw-objects-0002_sm.jpg,https://objects.lib.uidaho.edu/peoples-ipnw/thumbs/ipnw-objects-0002_th.jpg,,,
ipnw-objects-0069,ipnw-0012,Taft Tunnel Map,,2020-19-01,ridethehiawatha.com,Map,"A map showing Taft, the Taft Tunnel, and the Hiawatha Trail.",This map shows where the historic location of Taft relative to today's landmarks.,Hiawatha Trail,map; tunnel; trail; interstate,"Taft, Montana",Montana,47.42189804,-115.6087491,Dylan Vance,https://media.spokesman.com/photos/2020/01/18/Taft-tunnel-map_D7ebKXf.jpg,Image;StillImage,image/jpeg,image,ipnw-objects-0069.jpg,https://objects.lib.uidaho.edu/peoples-ipnw/ipnw-objects-0069.jpg,https://objects.lib.uidaho.edu/peoples-ipnw/small/ipnw-objects-0069_sm.jpg,https://objects.lib.uidaho.edu/peoples-ipnw/thumbs/ipnw-objects-0069_th.jpg,,,
ipnw-objects-0070,ipnw-0012,Staged gunfight during a card game,,1908,Harry English,Other Source,Men holding guns during a game of cards.,"Though it is staged, the photographer captures the spirit of events that were commonplace in Taft. This includes violence and murder born of disagreements from drinking and gambling.",Montana State Library,gambling; violence; drinking,"Taft, Montana",Montana,"47.421898042764795,",-115.6087491,Dylan Vance,https://www.mtmemory.org/nodes/view/76946?keywords=Taft%2C+Montana&type=all&highlights=WyJ0YWZ0LCIsIm1vbnRhbmEiXQ%3D%3D&lsk=2dea67ba152d84dd84d4cb2e2fc60b0e,Image;StillImage,image/jpeg,image,ipnw-objects-0070.jpg,https://objects.lib.uidaho.edu/peoples-ipnw/ipnw-objects-0070.jpg,https://objects.lib.uidaho.edu/peoples-ipnw/small/ipnw-objects-0070_sm.jpg,https://objects.lib.uidaho.edu/peoples-ipnw/thumbs/ipnw-objects-0070_th.jpg,,,
ipnw-objects-0009,ipnw-0013,Clatsop County Historical Museum Astoria Oregon,,1970,anderson's scenic postcards,Historic Image,postcard of the flavel house museum in astoria oregon,The Flavel house was built in 1885 by captain George C Flavel. Captain Flavel was one of the early bar pilots on the Columbia river.,"PG 107, Knowles Postcard Collection, University of Idaho Library Special Collections and Archives, http://www.lib.uidaho.edu/special-collections",Historic Building; Museum,"Astoria, Oregon",Oregon,46.188105,-123.834747,Jose Velazquez,https://www.lib.uidaho.edu/digital/postcards/items/nwpostcards96.html,Image;StillImage,image/jpeg,image,postcard_133.jpg,https://objects.lib.uidaho.edu/postcards/postcard_133.jpg,https://objects.lib.uidaho.edu/postcards/small/postcard_133_sm.jpg,https://objects.lib.uidaho.edu/postcards/thumbs/postcard_133_th.jpg,,,
ipnw-objects-0010,ipnw-0013,View of Astoria C. 1890,,1890,Louis M. Sovey,Historic Image,view looking east from about 7th and Exchange,A clear photo of  Astoria in 1890. The oldest town in the pacific Northwest. A busseling city ahead of its time,Clatsop County Historical Society; View of Astoria C. 1890,Flavel House; Astoria; 1890,"Astoria, Oregon",Oregon,46.18802891272878,-123.83574160893741,Jose Velazquez,https://astoriamuseums.org/explore/research-collections/photographs/nggallery/tags/astoria/page/1#gallery/ca5d664fc27105925b09fa54ebeab49e/2666,Image;StillImage,image/jpeg,image,ipnw-objects-0010.png,https://objects.lib.uidaho.edu/peoples-ipnw/ipnw-objects-0010.png,https://objects.lib.uidaho.edu/peoples-ipnw/small/ipnw-objects-0010_sm.jpg,https://objects.lib.uidaho.edu/peoples-ipnw/thumbs/ipnw-objects-0010_th.jpg,,,
ipnw-objects-0041,ipnw-0013,The Flavel House and Family,,2001,Clatsop County Historical Society,Historic Image,Northwest view of the Flavel House,A white Flavel house completely different from the cream and colorful color it is today. This photograph also highlights the original fence which is there no more. Lastly it shows the original landscape architecture from over a 130 years ago when the shrubs and trees were smaller.,Cumtux 2001 Vol 21 No 4 Fall : Clatsop County Historical Society,House; Landscape Architecture,"Astoria, Oregon",Oregon,46.188105,-123.834747,Jose Velazquez,https://archive.org/details/cumtux,Image;StillImage,image/jpeg,image,ipnw-objects-0041.png,https://objects.lib.uidaho.edu/peoples-ipnw/ipnw-objects-0041.png,https://objects.lib.uidaho.edu/peoples-ipnw/small/ipnw-objects-0041_sm.jpg,https://objects.lib.uidaho.edu/peoples-ipnw/thumbs/ipnw-objects-0041_th.jpg,,,
ipnw-objects-0042,ipnw-0013,Flavel House Museum,,1885,Captain Goerge Flavel,Contemporary Image,Well preserved Queen Anne architecture style house,Captain George Flavels retirement home for his family and himself. Restored to portray the elegance and style of an early 20th century home,A picture I took last year,Flavel House; Museum; Architecture,"Astoria, Oregon",Oregon,46.188105,-123.834747,Jose Velazquez,,Image;StillImage,image/jpeg,image,ipnw-objects-0042.jpg,https://objects.lib.uidaho.edu/peoples-ipnw/ipnw-objects-0042.jpg,https://objects.lib.uidaho.edu/peoples-ipnw/small/ipnw-objects-0042_sm.jpg,https://objects.lib.uidaho.edu/peoples-ipnw/thumbs/ipnw-objects-0042_th.jpg,,,
ipnw-objects-0050,ipnw-0013,Whitneys map of Astoria and Evirons Oregon,,1890,W. H. Whitney; Henry Jackson,Historic Image,Historical map of Astoria in 1890,It highlights the growth of Astoria until now. It shows how much the fire affected Astoria.,David Rumsey Map Collection Cartography Associates,Historical Map; Color; Landscape,"Astoria, Oregon",Oregon,46.18817202239823,-123.83566589729338,Jose Velazquez,https://davidrumsey.oldmapsonline.org/maps/5f324de9-3a59-560d-b31d-8c5281df825d/view,Image;StillImage,image/jpeg,image,ipnw-objects-0050.png,https://objects.lib.uidaho.edu/peoples-ipnw/ipnw-objects-0050.png,https://objects.lib.uidaho.edu/peoples-ipnw/small/ipnw-objects-0050_sm.jpg,https://objects.lib.uidaho.edu/peoples-ipnw/thumbs/ipnw-objects-0050_th.jpg,,,
ipnw-objects-0025,ipnw-0014,"Forest Fire, 1910 - Correspondence [02]",,1910-08-22,Stanley A. Easton,Other Source,"Managers letters, Easton to Bradley. Letter detailing the Wallace area fire of 1910.","This letter is a significant primary source documenting the direct impact of the Great Fire of 1910 on Wallace. It provides a first-hand account of the fire destroying the eastern part of the town and forcing the evacuation of around 2,000 residents. The correspondence also records the human toll the disaster took on the community, noting the loss of life and the strain on local hospitals.","MG 367, Bunker Hill Company records, 1887-1984, University of Idaho Library Special Collections and Archives",Fires; Bunker Hill Company Records,"Wallace, Idaho",Idaho,,,Wade Wade,,Text,application/pdf,pdf,ipnw-objects-0025.pdf,https://objects.lib.uidaho.edu/peoples-ipnw/ipnw-objects-0025.pdf,https://objects.lib.uidaho.edu/peoples-ipnw/small/ipnw-objects-0025_sm.jpg,https://objects.lib.uidaho.edu/peoples-ipnw/thumbs/ipnw-objects-0025_th.jpg,,,
ipnw-objects-0026,ipnw-0014,William W. Wallace Letter to Burton L. French,,1903-12-19,William W. Wallace,Other Source,A letter from William W. Wallace to Burton L. French relating the story of how the Territory of Idaho was named.,"This letter's significance to Wallace is contextual, as it details the origin story of Idaho's name. It presents a personal narrative that credits the wife of William H. Wallace, the first territorial governor, with successfully proposing the name ""Idaho"". The document provides historical background for the identity of the state in which Wallace is a prominent historical town.",Idaho State Historical Society,Idaho; Territories; Politics; Etymology,"Washington, D.C.; Lewiston, Idaho","Washington, D.C.; Idaho",46.4218,-117.0204,Wade Wade,https://idahohistory.contentdm.oclc.org/digital/collection/p16281coll21/id/203/,Text,image/jpeg,image,ipnw-objects-0026.jpg,https://objects.lib.uidaho.edu/peoples-ipnw/ipnw-objects-0026.jpg,https://objects.lib.uidaho.edu/peoples-ipnw/small/ipnw-objects-0026_sm.jpg,https://objects.lib.uidaho.edu/peoples-ipnw/thumbs/ipnw-objects-0026_th.jpg,,,
ipnw-objects-0065,ipnw-0014,THE GREAT FIRE OF 1910 MARKER,,,"USDA - FOREST SERVICE, IDAHO PANHANDLE NATIONAL FORESTS",Contemporary Image,"A historical marker detailing the 1910 fires and the heroic actions of Forest Ranger Edward C. Pulaski, who saved his crew in an abandoned mine tunnel.","The marker commemorates the ""Big Blowup,"" a series of fires that burned three million acres. It specifically honors Edward Pulaski, who saved 45 men by leading them into an abandoned mine tunnel near this site.",,1910 Fire; Wildfires; Edward C. Pulaski; U.S. Forest Service,Pulaski Tunnel Trail; West Fork of Placer Creek,Idaho,47.47238422,-115.9258811,Wade Wade,https://blogger.googleusercontent.com/img/b/R29vZ2xl/AVvXsEgeFpcOAyNDcrvrvefGDHCJ8E6JI3qEfpeFOUojAnh0IQY6BNZHI5N_4W9q8LVoJPwksFv6D0_Do0oARtDCQlvfiSzV55nJeNf69TjTcVEnK7kToU9W5mOWMwWRSOTVHFm87YCOzNQegwc3/s640/The+Big+Burn--Marker.jpg,Image;StillImage,image/jpeg,image,ipnw-objects-0065.jpg,https://objects.lib.uidaho.edu/peoples-ipnw/ipnw-objects-0065.jpg,https://objects.lib.uidaho.edu/peoples-ipnw/small/ipnw-objects-0065_sm.jpg,https://objects.lib.uidaho.edu/peoples-ipnw/thumbs/ipnw-objects-0065_th.jpg,,,
ipnw-objects-0066,ipnw-0014,The Great 1910 Fire of Idaho & Montana,,2010,"U.S. Forest Service, Northern Region",Map,"A map illustrating the extent of the 1910 ""Big Blowup"" wildfires across northern Idaho and western Montana.","The Great Fire of 1910 burned over three million acres and killed at least 85 people. It established the U.S. Forest Service's primary mission as one of aggressive fire suppression, a policy that shaped federal land management for a century. The disaster also directly led to the passage of the 1911 Weeks Act, pushing federal-state cooperation in fire protection.",U.S. Forest Service,Wildfires; Forest fires; U.S. Forest Service; 1910 Fire,Idaho Panhandle National Forests; Lolo National Forest; Coeur d'Alene National Forest; Wallace; Avery,Idaho; Montana,47.47238422,-115.9258811,Wade Wade,https://wildfiretoday.com/wp-content/uploads/2010/03/1910_fires_map.jpg,Image;StillImage,image/jpeg,image,ipnw-objects-0066.jpg,https://objects.lib.uidaho.edu/peoples-ipnw/ipnw-objects-0066.jpg,https://objects.lib.uidaho.edu/peoples-ipnw/small/ipnw-objects-0066_sm.jpg,https://objects.lib.uidaho.edu/peoples-ipnw/thumbs/ipnw-objects-0066_th.jpg,,,
ipnw-objects-0067,ipnw-0014,FOREST BURNED IN 1910 HOLOCAUST,,,U.S. Forest Service,Historic Image,"A map produced by the U.S. Forest Service shortly after the 1910 fires, illustrating the massive acreage burned.","Map produced by the U.S. Forest Service shortly after the 1910 fires, illustrating the massive acreage burned.",Had to use the wayback machine on the National Forest Website.,Wildfires; Forest fires; 1910 Fire; U.S. Forest Service,Wallace; Coeur d'Alene; Sandpoint; Libby; Missoula; Glacier National Park,Idaho; Montana; Washington,47.47238422,-115.92588111064025,Wade Wade,https://web.archive.org/web/20150617140734/http:/www.fs.usda.gov/detail/r1/learning/history-culture/?cid=stelprdb5122874,Image;StillImage,image/jpeg,image,ipnw-objects-0067.jpg,https://objects.lib.uidaho.edu/peoples-ipnw/ipnw-objects-0067.jpg,https://objects.lib.uidaho.edu/peoples-ipnw/small/ipnw-objects-0067_sm.jpg,https://objects.lib.uidaho.edu/peoples-ipnw/thumbs/ipnw-objects-0067_th.jpg,,,
ipnw-objects-0068,ipnw-0014,"Forest Fire Aftermath, 1910 - Wallace, elevated view of town [02]",,1910-08,Barnard-Stockbridge Studio,Historic Image,"Aerial photo taken from the tank of the town after the forest fire of August 20, 1910.","This photograph documents the aftermath of the 1910 Big Burn on Wallace, Idaho, showing how the fire destroyed nearly a third of the town.","University of Idaho Special Collections, The Big Burn Collection",fires; water tanks; towns,Wallace,Idaho,47.47238422,-115.9258811,Wade Wade,https://www.lib.uidaho.edu/digital/bigburn/items/bigburn15.html,,image/jpeg,image,bigburn15.jpg,https://objects.lib.uidaho.edu/bigburn/bigburn15.jpg,https://objects.lib.uidaho.edu/bigburn/small/bigburn15_sm.jpg,https://objects.lib.uidaho.edu/bigburn/thumbs/bigburn15_th.jpg,,,
ipnw-objects-0071,ipnw-0015,Majestic snow cap of Mt Rainier Mt Rainier National Park Washington,,1922,Keystone View Company,Historic Image,Black-and-white stereograph print of the snow capped summit of Mount Rainier showing three men at the far base of the mountain.,This stereograph represents early twentieth century mountain photography and the growing popularity of mountaineering in Washington. It was distributed internationally by the Keystone View Company. It shows that Mount Rainier's image circulated to promote American natural beauty.,Library of Congress Prints and Photographs Division,Mount Rainier; mountaineering; national park scenery,Mount Rainier National Park; Washington,Washington,46.8523,-121.7603,Blake Moore,https://www.loc.gov/resource/cph.3a48795/,Image;StillImage,image/jpeg,image,ipnw-objects-0071.jpg,https://objects.lib.uidaho.edu/peoples-ipnw/ipnw-objects-0071.jpg,https://objects.lib.uidaho.edu/peoples-ipnw/small/ipnw-objects-0071_sm.jpg,https://objects.lib.uidaho.edu/peoples-ipnw/thumbs/ipnw-objects-0071_th.jpg,,,
ipnw-objects-0072,ipnw-0015,Art as in Mount Heaven Mount Rainer,,,Aaron Reed,Contemporary Image,"A modern, contemporary photo of Mount Rainer. With Vibrant colors in every aspect of the photo from the blueish purple sky to the flower patch in the bottom third. With Mount Rainer front and center.","This image showcases the true beauty of Mount Rainer and the agriculture surrounding it. This high-resolution photo shows the quite art that nature can have when left untouched. The photograph can be seen as a visual comparison to other historic photos of Mount Rainier, showing the environmental change is has seen.",Aaron Reed Photography gallery Mt Rainier National Park,Mount Rainier; landscape photography; fine art; national parks,Mount Rainier National Park; Washington,Washington,46.8523,-121.7603,Blake Moore,https://www.aaronreedphotography.com/photo/heaven/,,image/jpeg,image,ipnw-objects-0072.jpg,https://objects.lib.uidaho.edu/peoples-ipnw/ipnw-objects-0072.jpg,https://objects.lib.uidaho.edu/peoples-ipnw/small/ipnw-objects-0072_sm.jpg,https://objects.lib.uidaho.edu/peoples-ipnw/thumbs/ipnw-objects-0072_th.jpg,,,
